cv_acc,cv_acc_nc,cv_acc_pc,cv_f1,data_name,hyper_params,is_normalized,model_name,param_c,param_gamma,param_linvar,prepr_name,test_acc,test_acc_nc,test_acc_pc,test_f1
-666.0,-666.0,-666.0,-666.0,GTZAN,"{""hidden_neurons"": [50, 50], ""dropout"": 0.0}",1,mv_nn,,,,MIRData,0.9558011049723757,0.975,0.9405940594059405,0.9595959595959594
-666.0,-666.0,-666.0,-666.0,GTZAN,"{""C"": 47.89473684210526, ""gamma"": 0.018873918221350997}",1,mv_svm,,,,MIRData,0.9723756906077348,0.95,0.9900990099009901,0.975609756097561
-666.0,-666.0,-666.0,-666.0,GTZAN,,1,simple_cnn,,,,MIRData,0.9779005528154953,0.988950276243094,0.967464704210587,0.9774179563996541
-666.0,-666.0,-666.0,-666.0,GTZAN,,1,linear,,,,MIRData,0.8729281781128099,0.8536677726065915,0.873091873872346,0.8752860532281148
-666.0,-666.0,-666.0,-666.0,GTZAN,,1,mv_linear,,,,MIRData,0.9171270718232044,0.9125,0.9207920792079208,0.9253731343283582
