cv_acc,cv_acc_nc,cv_acc_pc,cv_f1,data_name,hyper_params,is_normalized,model_name,param_c,param_gamma,param_linvar,prepr_name,test_acc,test_acc_nc,test_acc_pc,test_f1
-666.0,-666.0,-666.0,-666.0,GTZAN,"{""hidden_neurons"": [200, 200, 200], ""dropout"": 0.0}",1,mv_nn,,,,RhythmData,0.9834254143646409,0.9875,0.9801980198019802,0.9850746268656716
-666.0,-666.0,-666.0,-666.0,GTZAN,"{""C"": 100.0, ""gamma"": 0.018873918221350997}",1,mv_svm,,,,RhythmData,0.9723756906077348,0.9625,0.9801980198019802,0.9753694581280787
-666.0,-666.0,-666.0,-666.0,GTZAN,,1,simple_cnn,,,,RhythmData,0.9779005528154953,0.9873717397616054,0.9731123365091355,0.9813629273551604
-666.0,-666.0,-666.0,-666.0,GTZAN,,1,linear,,,,RhythmData,0.9447513812154696,0.880774408414219,0.988213628695156,0.9499780855126144
-666.0,-666.0,-666.0,-666.0,GTZAN,,1,mv_linear,,,,RhythmData,0.9834254143646409,1.0,0.9702970297029703,0.9849246231155778
