cv_acc,cv_acc_nc,cv_acc_pc,cv_f1,data_name,hyper_params,is_normalized,model_name,param_c,param_gamma,param_linvar,prepr_name,test_acc,test_acc_nc,test_acc_pc,test_f1
0.9608333337306977,0.970597403049469,0.9469281840324402,0.957997487783432,columbia-train,,1,linear,,,,SpectroData,0.925,0.9066666722297668,0.9333333373069763,0.9104761362075806
0.8302769166231155,0.8006276547908783,0.8655885982513428,0.8291496562957764,GTZAN,,1,linear,,,,SpectroData,0.75,0.8400000095367431,0.6509804129600525,0.7277418613433838
