cv_acc,cv_acc_nc,cv_acc_pc,cv_f1,data_name,hyper_params,is_normalized,model_name,param_c,param_gamma,param_linvar,prepr_name,test_acc,test_acc_nc,test_acc_pc,test_f1
0.9017230725288391,0.8998724246025085,0.9075657641887664,0.8942759704589843,GTZAN,,1,linear,,,,RhythmData,0.975,0.9600000023841858,1.0,0.9714285612106324
0.967169224023819,0.9682186830043793,0.9635698580741883,0.9648812353610993,GTZAN,,1,simple_cnn,,,,RhythmData,0.975,0.9600000023841858,1.0,0.9714285612106324
0.8924307608604432,0.9160471391677857,0.8724699687957763,0.886510978937149,GTZAN,,1,linear,,,,MIRData,0.9,0.8,1.0,0.9129411697387695
0.9406461441516876,0.9755386543273926,0.9086048555374145,0.9353476321697235,GTZAN,,1,simple_cnn,,,,MIRData,0.95,0.9,1.0,0.9535353302955627
0.9608333265781402,0.9872147870063782,0.938443865776062,0.9596590447425842,columbia-train,,1,linear,,,,RhythmData,0.975,0.9600000023841858,1.0,0.9714285612106324
0.9841666615009308,1.0,0.9683202660083771,0.9833223748207093,columbia-train,,1,simple_cnn,,,,RhythmData,0.975,0.9600000023841858,1.0,0.9714285612106324
0.9216666686534881,0.9788748121261597,0.8706053960323333,0.9156844985485076,columbia-train,,1,linear,,,,MIRData,0.95,0.95,0.95,0.9519712567329407
0.9799999988079071,0.9966666662693023,0.9611279809474945,0.9784011232852936,columbia-train,,1,simple_cnn,,,,MIRData,0.95,0.9,1.0,0.9535353302955627
